commit	cv_rmse	cv_rmsle	status	description
2026-03-10 17:38:28	24493.824356	0.122784	18
